{
  "MIN_LONGITUDE": -7.602536,
  "MIN_LATITUDE": 50.862218,
  "MAX_LONGITUDE": 36.738284,
  "MAX_LATITUDE": 69.923179,
  "CENTER_LONGITUDE": 14.567874,
  "CENTER_LATITUDE": 60.392698
}